TRANS_BLD_YRS_1,TRANS_BLD_YRS_2,BuildTx
I-O,2020,1101.733790006321
I-O,2025,0.0
I-O,2030,1.5136979425949448
I-O,2035,0.0
