TRANSMISSION_LINE,PERIOD,trans_lz1,trans_lz2,trans_dbid,trans_length_km,trans_efficiency,trans_derating_factor,TxCapacityNameplate,TxCapacityNameplateAvailable,TotalAnnualCost
I-O,2020,inside_lvliang,outside_lvliang,I-O,100,0.96,1,1099.9648011263641,1099.9648011263641,13682783.982670682
I-O,2025,inside_lvliang,outside_lvliang,I-O,100,0.96,1,1099.9648011263641,1099.9648011263641,13682783.982670682
I-O,2030,inside_lvliang,outside_lvliang,I-O,100,0.96,1,1099.9648011263641,1099.9648011263641,13682783.982670682
I-O,2035,inside_lvliang,outside_lvliang,I-O,100,0.96,1,1099.9648011263641,1099.9648011263641,13682783.982670682
