TRANS_BLD_YRS_1,TRANS_BLD_YRS_2,BuildTx
I-O,2020,1101.1946231087898
I-O,2025,7.136480962546784
I-O,2030,0.0
I-O,2035,0.0
