TRANS_BLD_YRS_1,TRANS_BLD_YRS_2,BuildTx
I-O,2020,1102.5131505157274
I-O,2025,1.6051339305720393
I-O,2030,0.0
I-O,2035,0.0835933028240543
