TRANSMISSION_LINE,PERIOD,trans_lz1,trans_lz2,trans_dbid,trans_length_km,trans_efficiency,trans_derating_factor,TxCapacityNameplate,TxCapacityNameplateAvailable,TotalAnnualCost
I-O,2020,inside_lvliang,outside_lvliang,I-O,100,0.96,1,1105.5131505157274,1105.5131505157274,13751801.524029551
I-O,2025,inside_lvliang,outside_lvliang,I-O,100,0.96,1,1107.1182844462994,1107.1182844462994,13771768.254612913
I-O,2030,inside_lvliang,outside_lvliang,I-O,100,0.96,1,1107.1182844462994,1107.1182844462994,13771768.254612913
I-O,2035,inside_lvliang,outside_lvliang,I-O,100,0.96,1,1107.2018777491235,1107.2018777491235,13772808.096163996
