component,npv_cost
CogenFixedCost,1657132093.188781
EmissionsCosts,0
FuelCostsPerTP,12315931621.67467
GenVariableOMCostsInTP,128994113.6662722
LocalTDFixedCosts,3266528789.243247
TotalGenFixedCosts,6762821300.394962
TxFixedCosts,170517732.0635791
