TRANS_BLD_YRS_1,TRANS_BLD_YRS_2,BuildTx
C-S,2020,5.795367229099734
C-S,2030,0.0
N-C,2020,2.5300869241453885
N-C,2030,0.0
