SetProduct_OrderedSet_1,SetProduct_OrderedSet_2,BuildLocalTD
Central,2020,0.7238648363252382
Central,2030,0.6335797254487847
North,2020,0.8357972544878569
North,2030,0.0
South,2020,1.0596620908130951
South,2030,0.5279831045406542
