PERIOD,SystemCostPerYear_Real,SystemDemandPerYear_MWh,EnergyCostReal_per_MWh
2020,13827877.436611982,140255.652,98.59051838147657
2030,11600969.759274255,184962.6,62.72062438176288
