TRANSMISSION_LINE,PERIOD,trans_lz1,trans_lz2,trans_dbid,trans_length_km,trans_efficiency,trans_derating_factor,TxCapacityNameplate,TxCapacityNameplateAvailable,TotalAnnualCost
C-S,2020,Central,South,C-S,200,0.94,1,11.795367229099734,11.795367229099734,293452.04796876694
C-S,2030,Central,South,C-S,200,0.94,1,11.795367229099734,11.795367229099734,293452.04796876694
N-C,2020,North,Central,N-C,100,0.96,1,5.5300869241453885,5.5300869241453885,68790.36921089665
N-C,2030,North,Central,N-C,100,0.96,1,5.5300869241453885,5.5300869241453885,68790.36921089665
